2026/08/03 14:58:32.628, 0, GPU-105fd74f-1b5d-b500-0cd1-225dce3fe54a, 25, 26.73 W
2026/08/03 14:58:32.630, 1, GPU-da012def-6a69-fe23-dcae-a383d2a8199c, 29, 30.58 W
2026/08/03 14:58:32.631, 2, GPU-fa35b58a-0240-0cec-7d16-4ccfb65b9c6e, 25, 26.91 W
2026/08/03 14:58:32.632, 3, GPU-6bffce52-b0a9-0870-0814-59d8dfaf9aa5, 30, 29.36 W
2026/08/03 14:58:32.633, 4, GPU-b4b42120-9aa0-28df-6931-aac93d7af52d, 25, 27.19 W
2026/08/03 14:58:32.635, 5, GPU-8f82eaf4-0600-4671-8890-830b9586e502, 30, 29.91 W
2026/08/03 14:58:32.636, 6, GPU-5339abab-2c16-da0e-219e-e4c4fb00275f, 26, 27.38 W
2026/08/03 14:58:32.637, 7, GPU-44e89c3f-f09d-1f93-6160-422c4339c336, 29, 28.14 W
2026/08/03 15:01:48.921, 0, GPU-105fd74f-1b5d-b500-0cd1-225dce3fe54a, 25, 26.73 W
2026/08/03 15:01:48.922, 1, GPU-da012def-6a69-fe23-dcae-a383d2a8199c, 29, 30.28 W
2026/08/03 15:01:48.923, 2, GPU-fa35b58a-0240-0cec-7d16-4ccfb65b9c6e, 25, 26.91 W
2026/08/03 15:01:48.925, 3, GPU-6bffce52-b0a9-0870-0814-59d8dfaf9aa5, 30, 29.36 W
2026/08/03 15:01:48.926, 4, GPU-b4b42120-9aa0-28df-6931-aac93d7af52d, 26, 27.39 W
2026/08/03 15:01:48.927, 5, GPU-8f82eaf4-0600-4671-8890-830b9586e502, 30, 29.91 W
2026/08/03 15:01:48.929, 6, GPU-5339abab-2c16-da0e-219e-e4c4fb00275f, 26, 27.38 W
2026/08/03 15:01:48.930, 7, GPU-44e89c3f-f09d-1f93-6160-422c4339c336, 29, 28.14 W
2026/08/03 15:06:48.931, 0, GPU-105fd74f-1b5d-b500-0cd1-225dce3fe54a, 25, 26.73 W
2026/08/03 15:06:48.933, 1, GPU-da012def-6a69-fe23-dcae-a383d2a8199c, 29, 30.58 W
2026/08/03 15:06:48.934, 2, GPU-fa35b58a-0240-0cec-7d16-4ccfb65b9c6e, 25, 26.91 W
2026/08/03 15:06:48.935, 3, GPU-6bffce52-b0a9-0870-0814-59d8dfaf9aa5, 30, 29.61 W
2026/08/03 15:06:48.936, 4, GPU-b4b42120-9aa0-28df-6931-aac93d7af52d, 25, 27.39 W
2026/08/03 15:06:48.937, 5, GPU-8f82eaf4-0600-4671-8890-830b9586e502, 30, 29.66 W
2026/08/03 15:06:48.938, 6, GPU-5339abab-2c16-da0e-219e-e4c4fb00275f, 26, 27.38 W
2026/08/03 15:06:48.939, 7, GPU-44e89c3f-f09d-1f93-6160-422c4339c336, 30, 28.14 W
2026/08/03 15:11:48.941, 0, GPU-105fd74f-1b5d-b500-0cd1-225dce3fe54a, 26, 26.48 W
2026/08/03 15:11:48.942, 1, GPU-da012def-6a69-fe23-dcae-a383d2a8199c, 29, 30.83 W
2026/08/03 15:11:48.943, 2, GPU-fa35b58a-0240-0cec-7d16-4ccfb65b9c6e, 25, 26.91 W
2026/08/03 15:11:48.944, 3, GPU-6bffce52-b0a9-0870-0814-59d8dfaf9aa5, 31, 29.61 W
2026/08/03 15:11:48.945, 4, GPU-b4b42120-9aa0-28df-6931-aac93d7af52d, 25, 27.42 W
2026/08/03 15:11:48.946, 5, GPU-8f82eaf4-0600-4671-8890-830b9586e502, 30, 29.91 W
2026/08/03 15:11:48.947, 6, GPU-5339abab-2c16-da0e-219e-e4c4fb00275f, 26, 27.35 W
2026/08/03 15:11:48.948, 7, GPU-44e89c3f-f09d-1f93-6160-422c4339c336, 29, 28.14 W
2026/08/03 15:16:48.949, 0, GPU-105fd74f-1b5d-b500-0cd1-225dce3fe54a, 25, 26.48 W
2026/08/03 15:16:48.950, 1, GPU-da012def-6a69-fe23-dcae-a383d2a8199c, 29, 30.58 W
2026/08/03 15:16:48.952, 2, GPU-fa35b58a-0240-0cec-7d16-4ccfb65b9c6e, 25, 26.94 W
2026/08/03 15:16:48.953, 3, GPU-6bffce52-b0a9-0870-0814-59d8dfaf9aa5, 31, 29.36 W
2026/08/03 15:16:48.954, 4, GPU-b4b42120-9aa0-28df-6931-aac93d7af52d, 25, 27.42 W
2026/08/03 15:16:48.955, 5, GPU-8f82eaf4-0600-4671-8890-830b9586e502, 30, 29.91 W
2026/08/03 15:16:48.956, 6, GPU-5339abab-2c16-da0e-219e-e4c4fb00275f, 26, 27.35 W
2026/08/03 15:16:48.957, 7, GPU-44e89c3f-f09d-1f93-6160-422c4339c336, 29, 28.14 W
2026/08/04 15:40:47.132, 0, GPU-105fd74f-1b5d-b500-0cd1-225dce3fe54a, 29, 26.49 W
2026/08/04 15:40:47.133, 1, GPU-da012def-6a69-fe23-dcae-a383d2a8199c, 31, 30.58 W
2026/08/04 15:40:47.135, 2, GPU-fa35b58a-0240-0cec-7d16-4ccfb65b9c6e, 27, 26.91 W
2026/08/04 15:40:47.136, 3, GPU-6bffce52-b0a9-0870-0814-59d8dfaf9aa5, 31, 29.36 W
2026/08/04 15:40:47.137, 4, GPU-b4b42120-9aa0-28df-6931-aac93d7af52d, 28, 27.42 W
2026/08/04 15:40:47.138, 5, GPU-8f82eaf4-0600-4671-8890-830b9586e502, 31, 29.91 W
2026/08/04 15:40:47.140, 6, GPU-5339abab-2c16-da0e-219e-e4c4fb00275f, 30, 27.61 W
2026/08/04 15:40:47.141, 7, GPU-44e89c3f-f09d-1f93-6160-422c4339c336, 31, 28.45 W
2026/08/04 15:45:47.143, 0, GPU-105fd74f-1b5d-b500-0cd1-225dce3fe54a, 29, 26.74 W
2026/08/04 15:45:47.144, 1, GPU-da012def-6a69-fe23-dcae-a383d2a8199c, 31, 30.58 W
2026/08/04 15:45:47.145, 2, GPU-fa35b58a-0240-0cec-7d16-4ccfb65b9c6e, 27, 26.94 W
2026/08/04 15:45:47.146, 3, GPU-6bffce52-b0a9-0870-0814-59d8dfaf9aa5, 31, 29.61 W
2026/08/04 15:45:47.147, 4, GPU-b4b42120-9aa0-28df-6931-aac93d7af52d, 28, 27.46 W
2026/08/04 15:45:47.148, 5, GPU-8f82eaf4-0600-4671-8890-830b9586e502, 31, 29.91 W
2026/08/04 15:45:47.149, 6, GPU-5339abab-2c16-da0e-219e-e4c4fb00275f, 30, 27.38 W
2026/08/04 15:45:47.150, 7, GPU-44e89c3f-f09d-1f93-6160-422c4339c336, 31, 28.45 W
2026/08/04 15:50:47.151, 0, GPU-105fd74f-1b5d-b500-0cd1-225dce3fe54a, 29, 26.74 W
2026/08/04 15:50:47.153, 1, GPU-da012def-6a69-fe23-dcae-a383d2a8199c, 30, 30.58 W
2026/08/04 15:50:47.154, 2, GPU-fa35b58a-0240-0cec-7d16-4ccfb65b9c6e, 27, 26.94 W
2026/08/04 15:50:47.155, 3, GPU-6bffce52-b0a9-0870-0814-59d8dfaf9aa5, 31, 29.61 W
2026/08/04 15:50:47.156, 4, GPU-b4b42120-9aa0-28df-6931-aac93d7af52d, 28, 27.46 W
2026/08/04 15:50:47.157, 5, GPU-8f82eaf4-0600-4671-8890-830b9586e502, 31, 29.66 W
2026/08/04 15:50:47.158, 6, GPU-5339abab-2c16-da0e-219e-e4c4fb00275f, 30, 27.38 W
2026/08/04 15:50:47.159, 7, GPU-44e89c3f-f09d-1f93-6160-422c4339c336, 31, 28.45 W
2026/08/04 15:55:47.160, 0, GPU-105fd74f-1b5d-b500-0cd1-225dce3fe54a, 29, 26.49 W
2026/08/04 15:55:47.161, 1, GPU-da012def-6a69-fe23-dcae-a383d2a8199c, 30, 30.58 W
2026/08/04 15:55:47.162, 2, GPU-fa35b58a-0240-0cec-7d16-4ccfb65b9c6e, 27, 26.91 W
2026/08/04 15:55:47.163, 3, GPU-6bffce52-b0a9-0870-0814-59d8dfaf9aa5, 31, 29.37 W
2026/08/04 15:55:47.164, 4, GPU-b4b42120-9aa0-28df-6931-aac93d7af52d, 28, 27.46 W
2026/08/04 15:55:47.165, 5, GPU-8f82eaf4-0600-4671-8890-830b9586e502, 31, 29.91 W
2026/08/04 15:55:47.166, 6, GPU-5339abab-2c16-da0e-219e-e4c4fb00275f, 30, 27.38 W
2026/08/04 15:55:47.167, 7, GPU-44e89c3f-f09d-1f93-6160-422c4339c336, 31, 28.14 W
2026/08/04 16:00:47.169, 0, GPU-105fd74f-1b5d-b500-0cd1-225dce3fe54a, 29, 26.49 W
2026/08/04 16:00:47.170, 1, GPU-da012def-6a69-fe23-dcae-a383d2a8199c, 30, 30.58 W
2026/08/04 16:00:47.171, 2, GPU-fa35b58a-0240-0cec-7d16-4ccfb65b9c6e, 27, 26.91 W
2026/08/04 16:00:47.172, 3, GPU-6bffce52-b0a9-0870-0814-59d8dfaf9aa5, 31, 29.61 W
2026/08/04 16:00:47.173, 4, GPU-b4b42120-9aa0-28df-6931-aac93d7af52d, 28, 27.42 W
2026/08/04 16:00:47.174, 5, GPU-8f82eaf4-0600-4671-8890-830b9586e502, 31, 29.91 W
2026/08/04 16:00:47.175, 6, GPU-5339abab-2c16-da0e-219e-e4c4fb00275f, 30, 27.61 W
2026/08/04 16:00:47.176, 7, GPU-44e89c3f-f09d-1f93-6160-422c4339c336, 31, 28.14 W
2026/08/04 16:05:47.178, 0, GPU-105fd74f-1b5d-b500-0cd1-225dce3fe54a, 29, 26.77 W
2026/08/04 16:05:47.179, 1, GPU-da012def-6a69-fe23-dcae-a383d2a8199c, 30, 30.58 W
2026/08/04 16:05:47.180, 2, GPU-fa35b58a-0240-0cec-7d16-4ccfb65b9c6e, 27, 26.91 W
2026/08/04 16:05:47.181, 3, GPU-6bffce52-b0a9-0870-0814-59d8dfaf9aa5, 30, 29.37 W
2026/08/04 16:05:47.182, 4, GPU-b4b42120-9aa0-28df-6931-aac93d7af52d, 28, 27.42 W
2026/08/04 16:05:47.183, 5, GPU-8f82eaf4-0600-4671-8890-830b9586e502, 30, 29.91 W
2026/08/04 16:05:47.184, 6, GPU-5339abab-2c16-da0e-219e-e4c4fb00275f, 30, 27.61 W
2026/08/04 16:05:47.185, 7, GPU-44e89c3f-f09d-1f93-6160-422c4339c336, 31, 28.14 W
2026/08/04 16:10:47.187, 0, GPU-105fd74f-1b5d-b500-0cd1-225dce3fe54a, 29, 26.74 W
2026/08/04 16:10:47.188, 1, GPU-da012def-6a69-fe23-dcae-a383d2a8199c, 30, 30.58 W
2026/08/04 16:10:47.189, 2, GPU-fa35b58a-0240-0cec-7d16-4ccfb65b9c6e, 27, 26.94 W
2026/08/04 16:10:47.190, 3, GPU-6bffce52-b0a9-0870-0814-59d8dfaf9aa5, 30, 29.37 W
2026/08/04 16:10:47.191, 4, GPU-b4b42120-9aa0-28df-6931-aac93d7af52d, 28, 27.46 W
2026/08/04 16:10:47.192, 5, GPU-8f82eaf4-0600-4671-8890-830b9586e502, 31, 29.91 W
2026/08/04 16:10:47.193, 6, GPU-5339abab-2c16-da0e-219e-e4c4fb00275f, 30, 27.38 W
2026/08/04 16:10:47.193, 7, GPU-44e89c3f-f09d-1f93-6160-422c4339c336, 31, 28.14 W
2026/08/04 16:15:47.195, 0, GPU-105fd74f-1b5d-b500-0cd1-225dce3fe54a, 29, 26.74 W
2026/08/04 16:15:47.196, 1, GPU-da012def-6a69-fe23-dcae-a383d2a8199c, 30, 30.58 W
2026/08/04 16:15:47.197, 2, GPU-fa35b58a-0240-0cec-7d16-4ccfb65b9c6e, 27, 26.94 W
2026/08/04 16:15:47.198, 3, GPU-6bffce52-b0a9-0870-0814-59d8dfaf9aa5, 30, 29.37 W
2026/08/04 16:15:47.199, 4, GPU-b4b42120-9aa0-28df-6931-aac93d7af52d, 28, 27.46 W
2026/08/04 16:15:47.200, 5, GPU-8f82eaf4-0600-4671-8890-830b9586e502, 31, 29.66 W
2026/08/04 16:15:47.201, 6, GPU-5339abab-2c16-da0e-219e-e4c4fb00275f, 29, 27.38 W
2026/08/04 16:15:47.202, 7, GPU-44e89c3f-f09d-1f93-6160-422c4339c336, 31, 28.14 W
2026/08/04 16:20:47.204, 0, GPU-105fd74f-1b5d-b500-0cd1-225dce3fe54a, 29, 26.49 W
2026/08/04 16:20:47.205, 1, GPU-da012def-6a69-fe23-dcae-a383d2a8199c, 30, 30.58 W
2026/08/04 16:20:47.206, 2, GPU-fa35b58a-0240-0cec-7d16-4ccfb65b9c6e, 27, 26.91 W
2026/08/04 16:20:47.207, 3, GPU-6bffce52-b0a9-0870-0814-59d8dfaf9aa5, 30, 29.36 W
2026/08/04 16:20:47.208, 4, GPU-b4b42120-9aa0-28df-6931-aac93d7af52d, 28, 27.42 W
2026/08/04 16:20:47.209, 5, GPU-8f82eaf4-0600-4671-8890-830b9586e502, 30, 29.91 W
2026/08/04 16:20:47.210, 6, GPU-5339abab-2c16-da0e-219e-e4c4fb00275f, 29, 27.35 W
2026/08/04 16:20:47.210, 7, GPU-44e89c3f-f09d-1f93-6160-422c4339c336, 31, 28.14 W
2026/08/04 16:25:47.212, 0, GPU-105fd74f-1b5d-b500-0cd1-225dce3fe54a, 29, 26.49 W
2026/08/04 16:25:47.213, 1, GPU-da012def-6a69-fe23-dcae-a383d2a8199c, 30, 30.58 W
2026/08/04 16:25:47.214, 2, GPU-fa35b58a-0240-0cec-7d16-4ccfb65b9c6e, 26, 26.91 W
2026/08/04 16:25:47.215, 3, GPU-6bffce52-b0a9-0870-0814-59d8dfaf9aa5, 30, 29.37 W
2026/08/04 16:25:47.216, 4, GPU-b4b42120-9aa0-28df-6931-aac93d7af52d, 28, 27.42 W
2026/08/04 16:25:47.217, 5, GPU-8f82eaf4-0600-4671-8890-830b9586e502, 30, 29.91 W
2026/08/04 16:25:47.218, 6, GPU-5339abab-2c16-da0e-219e-e4c4fb00275f, 29, 27.61 W
2026/08/04 16:25:47.219, 7, GPU-44e89c3f-f09d-1f93-6160-422c4339c336, 31, 28.14 W
2026/08/04 16:30:47.221, 0, GPU-105fd74f-1b5d-b500-0cd1-225dce3fe54a, 29, 26.74 W
2026/08/04 16:30:47.222, 1, GPU-da012def-6a69-fe23-dcae-a383d2a8199c, 30, 30.58 W
2026/08/04 16:30:47.223, 2, GPU-fa35b58a-0240-0cec-7d16-4ccfb65b9c6e, 27, 26.91 W
2026/08/04 16:30:47.224, 3, GPU-6bffce52-b0a9-0870-0814-59d8dfaf9aa5, 30, 29.61 W
2026/08/04 16:30:47.224, 4, GPU-b4b42120-9aa0-28df-6931-aac93d7af52d, 28, 27.42 W
2026/08/04 16:30:47.225, 5, GPU-8f82eaf4-0600-4671-8890-830b9586e502, 30, 29.91 W
2026/08/04 16:30:47.226, 6, GPU-5339abab-2c16-da0e-219e-e4c4fb00275f, 29, 27.61 W
2026/08/04 16:30:47.227, 7, GPU-44e89c3f-f09d-1f93-6160-422c4339c336, 31, 28.14 W
2026/08/04 16:35:47.229, 0, GPU-105fd74f-1b5d-b500-0cd1-225dce3fe54a, 29, 26.74 W
2026/08/04 16:35:47.230, 1, GPU-da012def-6a69-fe23-dcae-a383d2a8199c, 30, 30.83 W
2026/08/04 16:35:47.231, 2, GPU-fa35b58a-0240-0cec-7d16-4ccfb65b9c6e, 27, 26.94 W
2026/08/04 16:35:47.232, 3, GPU-6bffce52-b0a9-0870-0814-59d8dfaf9aa5, 30, 29.61 W
2026/08/04 16:35:47.233, 4, GPU-b4b42120-9aa0-28df-6931-aac93d7af52d, 28, 27.66 W
2026/08/04 16:35:47.234, 5, GPU-8f82eaf4-0600-4671-8890-830b9586e502, 30, 29.91 W
2026/08/04 16:35:47.235, 6, GPU-5339abab-2c16-da0e-219e-e4c4fb00275f, 29, 27.38 W
2026/08/04 16:35:47.236, 7, GPU-44e89c3f-f09d-1f93-6160-422c4339c336, 31, 28.14 W
2026/08/04 16:40:47.238, 0, GPU-105fd74f-1b5d-b500-0cd1-225dce3fe54a, 29, 26.74 W
2026/08/04 16:40:47.239, 1, GPU-da012def-6a69-fe23-dcae-a383d2a8199c, 30, 30.83 W
2026/08/04 16:40:47.240, 2, GPU-fa35b58a-0240-0cec-7d16-4ccfb65b9c6e, 27, 26.94 W
2026/08/04 16:40:47.241, 3, GPU-6bffce52-b0a9-0870-0814-59d8dfaf9aa5, 30, 29.61 W
2026/08/04 16:40:47.242, 4, GPU-b4b42120-9aa0-28df-6931-aac93d7af52d, 28, 27.66 W
2026/08/04 16:40:47.243, 5, GPU-8f82eaf4-0600-4671-8890-830b9586e502, 30, 29.91 W
2026/08/04 16:40:47.244, 6, GPU-5339abab-2c16-da0e-219e-e4c4fb00275f, 29, 27.38 W
2026/08/04 16:40:47.245, 7, GPU-44e89c3f-f09d-1f93-6160-422c4339c336, 31, 28.14 W
2026/08/04 16:45:47.246, 0, GPU-105fd74f-1b5d-b500-0cd1-225dce3fe54a, 29, 26.49 W
2026/08/04 16:45:47.247, 1, GPU-da012def-6a69-fe23-dcae-a383d2a8199c, 30, 30.58 W
2026/08/04 16:45:47.248, 2, GPU-fa35b58a-0240-0cec-7d16-4ccfb65b9c6e, 26, 26.91 W
2026/08/04 16:45:47.249, 3, GPU-6bffce52-b0a9-0870-0814-59d8dfaf9aa5, 30, 29.37 W
2026/08/04 16:45:47.250, 4, GPU-b4b42120-9aa0-28df-6931-aac93d7af52d, 27, 27.42 W
2026/08/04 16:45:47.251, 5, GPU-8f82eaf4-0600-4671-8890-830b9586e502, 30, 29.66 W
2026/08/04 16:45:47.252, 6, GPU-5339abab-2c16-da0e-219e-e4c4fb00275f, 29, 27.61 W
2026/08/04 16:45:47.253, 7, GPU-44e89c3f-f09d-1f93-6160-422c4339c336, 31, 28.14 W
2026/08/04 16:50:47.255, 0, GPU-105fd74f-1b5d-b500-0cd1-225dce3fe54a, 29, 26.49 W
2026/08/04 16:50:47.256, 1, GPU-da012def-6a69-fe23-dcae-a383d2a8199c, 30, 30.58 W
2026/08/04 16:50:47.257, 2, GPU-fa35b58a-0240-0cec-7d16-4ccfb65b9c6e, 26, 26.91 W
2026/08/04 16:50:47.258, 3, GPU-6bffce52-b0a9-0870-0814-59d8dfaf9aa5, 30, 29.37 W
2026/08/04 16:50:47.259, 4, GPU-b4b42120-9aa0-28df-6931-aac93d7af52d, 27, 27.42 W
2026/08/04 16:50:47.260, 5, GPU-8f82eaf4-0600-4671-8890-830b9586e502, 30, 29.91 W
2026/08/04 16:50:47.261, 6, GPU-5339abab-2c16-da0e-219e-e4c4fb00275f, 29, 27.61 W
2026/08/04 16:50:47.262, 7, GPU-44e89c3f-f09d-1f93-6160-422c4339c336, 30, 28.14 W
2026/08/04 16:55:47.263, 0, GPU-105fd74f-1b5d-b500-0cd1-225dce3fe54a, 29, 26.74 W
2026/08/04 16:55:47.264, 1, GPU-da012def-6a69-fe23-dcae-a383d2a8199c, 30, 30.58 W
2026/08/04 16:55:47.265, 2, GPU-fa35b58a-0240-0cec-7d16-4ccfb65b9c6e, 26, 26.91 W
2026/08/04 16:55:47.266, 3, GPU-6bffce52-b0a9-0870-0814-59d8dfaf9aa5, 30, 29.37 W
2026/08/04 16:55:47.267, 4, GPU-b4b42120-9aa0-28df-6931-aac93d7af52d, 28, 27.42 W
2026/08/04 16:55:47.268, 5, GPU-8f82eaf4-0600-4671-8890-830b9586e502, 30, 29.91 W
2026/08/04 16:55:47.269, 6, GPU-5339abab-2c16-da0e-219e-e4c4fb00275f, 29, 27.61 W
2026/08/04 16:55:47.270, 7, GPU-44e89c3f-f09d-1f93-6160-422c4339c336, 30, 28.14 W
2026/08/04 17:00:47.271, 0, GPU-105fd74f-1b5d-b500-0cd1-225dce3fe54a, 29, 26.74 W
2026/08/04 17:00:47.273, 1, GPU-da012def-6a69-fe23-dcae-a383d2a8199c, 30, 30.58 W
2026/08/04 17:00:47.274, 2, GPU-fa35b58a-0240-0cec-7d16-4ccfb65b9c6e, 26, 26.94 W
2026/08/04 17:00:47.275, 3, GPU-6bffce52-b0a9-0870-0814-59d8dfaf9aa5, 30, 29.37 W
2026/08/04 17:00:47.276, 4, GPU-b4b42120-9aa0-28df-6931-aac93d7af52d, 27, 27.66 W
2026/08/04 17:00:47.277, 5, GPU-8f82eaf4-0600-4671-8890-830b9586e502, 30, 29.91 W
2026/08/04 17:00:47.278, 6, GPU-5339abab-2c16-da0e-219e-e4c4fb00275f, 29, 27.38 W
2026/08/04 17:00:47.279, 7, GPU-44e89c3f-f09d-1f93-6160-422c4339c336, 30, 28.14 W
2026/08/04 17:05:47.280, 0, GPU-105fd74f-1b5d-b500-0cd1-225dce3fe54a, 29, 26.74 W
2026/08/04 17:05:47.281, 1, GPU-da012def-6a69-fe23-dcae-a383d2a8199c, 30, 30.58 W
2026/08/04 17:05:47.282, 2, GPU-fa35b58a-0240-0cec-7d16-4ccfb65b9c6e, 26, 26.94 W
2026/08/04 17:05:47.283, 3, GPU-6bffce52-b0a9-0870-0814-59d8dfaf9aa5, 30, 29.37 W
2026/08/04 17:05:47.284, 4, GPU-b4b42120-9aa0-28df-6931-aac93d7af52d, 27, 27.46 W
2026/08/04 17:05:47.285, 5, GPU-8f82eaf4-0600-4671-8890-830b9586e502, 30, 29.91 W
2026/08/04 17:05:47.286, 6, GPU-5339abab-2c16-da0e-219e-e4c4fb00275f, 29, 27.38 W
2026/08/04 17:05:47.287, 7, GPU-44e89c3f-f09d-1f93-6160-422c4339c336, 30, 28.14 W
2026/08/04 17:10:47.288, 0, GPU-105fd74f-1b5d-b500-0cd1-225dce3fe54a, 29, 26.49 W
2026/08/04 17:10:47.289, 1, GPU-da012def-6a69-fe23-dcae-a383d2a8199c, 30, 30.58 W
2026/08/04 17:10:47.290, 2, GPU-fa35b58a-0240-0cec-7d16-4ccfb65b9c6e, 26, 26.91 W
2026/08/04 17:10:47.291, 3, GPU-6bffce52-b0a9-0870-0814-59d8dfaf9aa5, 30, 29.36 W
2026/08/04 17:10:47.292, 4, GPU-b4b42120-9aa0-28df-6931-aac93d7af52d, 27, 27.42 W
2026/08/04 17:10:47.293, 5, GPU-8f82eaf4-0600-4671-8890-830b9586e502, 30, 29.91 W
2026/08/04 17:10:47.294, 6, GPU-5339abab-2c16-da0e-219e-e4c4fb00275f, 29, 27.35 W
2026/08/04 17:10:47.295, 7, GPU-44e89c3f-f09d-1f93-6160-422c4339c336, 30, 28.14 W
2026/08/04 17:15:47.297, 0, GPU-105fd74f-1b5d-b500-0cd1-225dce3fe54a, 28, 26.49 W
2026/08/04 17:15:47.298, 1, GPU-da012def-6a69-fe23-dcae-a383d2a8199c, 30, 30.83 W
2026/08/04 17:15:47.299, 2, GPU-fa35b58a-0240-0cec-7d16-4ccfb65b9c6e, 26, 26.91 W
2026/08/04 17:15:47.300, 3, GPU-6bffce52-b0a9-0870-0814-59d8dfaf9aa5, 30, 29.36 W
2026/08/04 17:15:47.301, 4, GPU-b4b42120-9aa0-28df-6931-aac93d7af52d, 27, 27.42 W
2026/08/04 17:15:47.302, 5, GPU-8f82eaf4-0600-4671-8890-830b9586e502, 30, 29.91 W
2026/08/04 17:15:47.303, 6, GPU-5339abab-2c16-da0e-219e-e4c4fb00275f, 29, 27.35 W
2026/08/04 17:15:47.304, 7, GPU-44e89c3f-f09d-1f93-6160-422c4339c336, 30, 28.14 W
2026/08/04 17:20:47.306, 0, GPU-105fd74f-1b5d-b500-0cd1-225dce3fe54a, 28, 26.74 W
2026/08/04 17:20:47.307, 1, GPU-da012def-6a69-fe23-dcae-a383d2a8199c, 30, 30.83 W
2026/08/04 17:20:47.308, 2, GPU-fa35b58a-0240-0cec-7d16-4ccfb65b9c6e, 26, 26.94 W
2026/08/04 17:20:47.309, 3, GPU-6bffce52-b0a9-0870-0814-59d8dfaf9aa5, 30, 29.37 W
2026/08/04 17:20:47.310, 4, GPU-b4b42120-9aa0-28df-6931-aac93d7af52d, 27, 27.42 W
2026/08/04 17:20:47.316, 5, GPU-8f82eaf4-0600-4671-8890-830b9586e502, 30, 29.91 W
2026/08/04 17:20:47.317, 6, GPU-5339abab-2c16-da0e-219e-e4c4fb00275f, 29, 27.35 W
2026/08/04 17:20:47.317, 7, GPU-44e89c3f-f09d-1f93-6160-422c4339c336, 30, 28.14 W
2026/08/04 17:25:47.319, 0, GPU-105fd74f-1b5d-b500-0cd1-225dce3fe54a, 29, 26.74 W
2026/08/04 17:25:47.320, 1, GPU-da012def-6a69-fe23-dcae-a383d2a8199c, 30, 30.58 W
2026/08/04 17:25:47.321, 2, GPU-fa35b58a-0240-0cec-7d16-4ccfb65b9c6e, 26, 26.94 W
2026/08/04 17:25:47.322, 3, GPU-6bffce52-b0a9-0870-0814-59d8dfaf9aa5, 30, 29.36 W
2026/08/04 17:25:47.323, 4, GPU-b4b42120-9aa0-28df-6931-aac93d7af52d, 27, 27.66 W
2026/08/04 17:25:47.324, 5, GPU-8f82eaf4-0600-4671-8890-830b9586e502, 30, 29.91 W
2026/08/04 17:25:47.325, 6, GPU-5339abab-2c16-da0e-219e-e4c4fb00275f, 29, 27.38 W
2026/08/04 17:25:47.326, 7, GPU-44e89c3f-f09d-1f93-6160-422c4339c336, 30, 28.14 W
2026/08/04 17:30:47.327, 0, GPU-105fd74f-1b5d-b500-0cd1-225dce3fe54a, 28, 26.74 W
2026/08/04 17:30:47.328, 1, GPU-da012def-6a69-fe23-dcae-a383d2a8199c, 30, 30.58 W
2026/08/04 17:30:47.329, 2, GPU-fa35b58a-0240-0cec-7d16-4ccfb65b9c6e, 26, 26.94 W
2026/08/04 17:30:47.330, 3, GPU-6bffce52-b0a9-0870-0814-59d8dfaf9aa5, 30, 29.61 W
2026/08/04 17:30:47.331, 4, GPU-b4b42120-9aa0-28df-6931-aac93d7af52d, 27, 27.46 W
2026/08/04 17:30:47.332, 5, GPU-8f82eaf4-0600-4671-8890-830b9586e502, 30, 29.91 W
2026/08/04 17:30:47.333, 6, GPU-5339abab-2c16-da0e-219e-e4c4fb00275f, 29, 27.38 W
2026/08/04 17:30:47.334, 7, GPU-44e89c3f-f09d-1f93-6160-422c4339c336, 30, 28.14 W
2026/08/04 17:35:47.335, 0, GPU-105fd74f-1b5d-b500-0cd1-225dce3fe54a, 28, 26.49 W
2026/08/04 17:35:47.337, 1, GPU-da012def-6a69-fe23-dcae-a383d2a8199c, 30, 30.58 W
2026/08/04 17:35:47.338, 2, GPU-fa35b58a-0240-0cec-7d16-4ccfb65b9c6e, 26, 26.91 W
2026/08/04 17:35:47.339, 3, GPU-6bffce52-b0a9-0870-0814-59d8dfaf9aa5, 30, 29.36 W
2026/08/04 17:35:47.340, 4, GPU-b4b42120-9aa0-28df-6931-aac93d7af52d, 27, 27.42 W
2026/08/04 17:35:47.341, 5, GPU-8f82eaf4-0600-4671-8890-830b9586e502, 30, 29.66 W
2026/08/04 17:35:47.342, 6, GPU-5339abab-2c16-da0e-219e-e4c4fb00275f, 29, 27.35 W
2026/08/04 17:35:47.343, 7, GPU-44e89c3f-f09d-1f93-6160-422c4339c336, 30, 28.14 W
2026/08/04 17:40:47.344, 0, GPU-105fd74f-1b5d-b500-0cd1-225dce3fe54a, 28, 26.49 W
2026/08/04 17:40:47.345, 1, GPU-da012def-6a69-fe23-dcae-a383d2a8199c, 30, 30.58 W
2026/08/04 17:40:47.346, 2, GPU-fa35b58a-0240-0cec-7d16-4ccfb65b9c6e, 26, 26.91 W
2026/08/04 17:40:47.347, 3, GPU-6bffce52-b0a9-0870-0814-59d8dfaf9aa5, 30, 29.37 W
2026/08/04 17:40:47.348, 4, GPU-b4b42120-9aa0-28df-6931-aac93d7af52d, 27, 27.42 W
2026/08/04 17:40:47.349, 5, GPU-8f82eaf4-0600-4671-8890-830b9586e502, 30, 29.91 W
2026/08/04 17:40:47.350, 6, GPU-5339abab-2c16-da0e-219e-e4c4fb00275f, 29, 27.35 W
2026/08/04 17:40:47.351, 7, GPU-44e89c3f-f09d-1f93-6160-422c4339c336, 30, 28.14 W
2026/08/04 17:45:47.352, 0, GPU-105fd74f-1b5d-b500-0cd1-225dce3fe54a, 28, 26.74 W
2026/08/04 17:45:47.354, 1, GPU-da012def-6a69-fe23-dcae-a383d2a8199c, 29, 30.58 W
2026/08/04 17:45:47.355, 2, GPU-fa35b58a-0240-0cec-7d16-4ccfb65b9c6e, 26, 26.94 W
2026/08/04 17:45:47.356, 3, GPU-6bffce52-b0a9-0870-0814-59d8dfaf9aa5, 30, 29.36 W
2026/08/04 17:45:47.358, 4, GPU-b4b42120-9aa0-28df-6931-aac93d7af52d, 27, 27.46 W
2026/08/04 17:45:47.359, 5, GPU-8f82eaf4-0600-4671-8890-830b9586e502, 30, 29.91 W
2026/08/04 17:45:47.360, 6, GPU-5339abab-2c16-da0e-219e-e4c4fb00275f, 29, 27.38 W
2026/08/04 17:45:47.361, 7, GPU-44e89c3f-f09d-1f93-6160-422c4339c336, 30, 28.14 W
2026/08/04 17:50:47.363, 0, GPU-105fd74f-1b5d-b500-0cd1-225dce3fe54a, 28, 26.74 W
2026/08/04 17:50:47.364, 1, GPU-da012def-6a69-fe23-dcae-a383d2a8199c, 29, 30.58 W
2026/08/04 17:50:47.365, 2, GPU-fa35b58a-0240-0cec-7d16-4ccfb65b9c6e, 26, 26.94 W
2026/08/04 17:50:47.366, 3, GPU-6bffce52-b0a9-0870-0814-59d8dfaf9aa5, 30, 29.36 W
2026/08/04 17:50:47.367, 4, GPU-b4b42120-9aa0-28df-6931-aac93d7af52d, 27, 27.46 W
2026/08/04 17:50:47.368, 5, GPU-8f82eaf4-0600-4671-8890-830b9586e502, 30, 29.66 W
2026/08/04 17:50:47.369, 6, GPU-5339abab-2c16-da0e-219e-e4c4fb00275f, 29, 27.38 W
2026/08/04 17:50:47.370, 7, GPU-44e89c3f-f09d-1f93-6160-422c4339c336, 30, 28.14 W
2026/08/04 17:55:47.372, 0, GPU-105fd74f-1b5d-b500-0cd1-225dce3fe54a, 28, 26.49 W
2026/08/04 17:55:47.373, 1, GPU-da012def-6a69-fe23-dcae-a383d2a8199c, 29, 30.58 W
2026/08/04 17:55:47.374, 2, GPU-fa35b58a-0240-0cec-7d16-4ccfb65b9c6e, 26, 26.94 W
2026/08/04 17:55:47.375, 3, GPU-6bffce52-b0a9-0870-0814-59d8dfaf9aa5, 30, 29.36 W
2026/08/04 17:55:47.376, 4, GPU-b4b42120-9aa0-28df-6931-aac93d7af52d, 27, 27.46 W
2026/08/04 17:55:47.377, 5, GPU-8f82eaf4-0600-4671-8890-830b9586e502, 30, 29.91 W
2026/08/04 17:55:47.378, 6, GPU-5339abab-2c16-da0e-219e-e4c4fb00275f, 29, 27.38 W
2026/08/04 17:55:47.379, 7, GPU-44e89c3f-f09d-1f93-6160-422c4339c336, 30, 28.14 W
2026/08/04 18:00:47.380, 0, GPU-105fd74f-1b5d-b500-0cd1-225dce3fe54a, 28, 26.49 W
2026/08/04 18:00:47.381, 1, GPU-da012def-6a69-fe23-dcae-a383d2a8199c, 30, 30.58 W
2026/08/04 18:00:47.382, 2, GPU-fa35b58a-0240-0cec-7d16-4ccfb65b9c6e, 26, 26.70 W
2026/08/04 18:00:47.383, 3, GPU-6bffce52-b0a9-0870-0814-59d8dfaf9aa5, 30, 29.37 W
2026/08/04 18:00:47.384, 4, GPU-b4b42120-9aa0-28df-6931-aac93d7af52d, 27, 27.42 W
2026/08/04 18:00:47.385, 5, GPU-8f82eaf4-0600-4671-8890-830b9586e502, 30, 29.91 W
2026/08/04 18:00:47.386, 6, GPU-5339abab-2c16-da0e-219e-e4c4fb00275f, 29, 27.35 W
2026/08/04 18:00:47.387, 7, GPU-44e89c3f-f09d-1f93-6160-422c4339c336, 30, 28.14 W
2026/08/04 18:05:47.389, 0, GPU-105fd74f-1b5d-b500-0cd1-225dce3fe54a, 28, 26.77 W
2026/08/04 18:05:47.390, 1, GPU-da012def-6a69-fe23-dcae-a383d2a8199c, 29, 31.31 W
2026/08/04 18:05:47.391, 2, GPU-fa35b58a-0240-0cec-7d16-4ccfb65b9c6e, 26, 27.18 W
2026/08/04 18:05:47.392, 3, GPU-6bffce52-b0a9-0870-0814-59d8dfaf9aa5, 29, 29.61 W
2026/08/04 18:05:47.393, 4, GPU-b4b42120-9aa0-28df-6931-aac93d7af52d, 27, 27.69 W
2026/08/04 18:05:47.394, 5, GPU-8f82eaf4-0600-4671-8890-830b9586e502, 30, 31.18 W
2026/08/04 18:05:47.395, 6, GPU-5339abab-2c16-da0e-219e-e4c4fb00275f, 29, 27.61 W
2026/08/04 18:05:47.396, 7, GPU-44e89c3f-f09d-1f93-6160-422c4339c336, 30, 28.14 W
2026/08/05 11:55:50.691, 0, GPU-105fd74f-1b5d-b500-0cd1-225dce3fe54a, 25, 26.48 W
2026/08/05 11:55:50.693, 1, GPU-da012def-6a69-fe23-dcae-a383d2a8199c, 29, 30.58 W
2026/08/05 11:55:50.694, 2, GPU-fa35b58a-0240-0cec-7d16-4ccfb65b9c6e, 25, 27.15 W
2026/08/05 11:55:50.696, 3, GPU-6bffce52-b0a9-0870-0814-59d8dfaf9aa5, 31, 29.37 W
2026/08/05 11:55:50.697, 4, GPU-b4b42120-9aa0-28df-6931-aac93d7af52d, 25, 27.42 W
2026/08/05 11:55:50.698, 5, GPU-8f82eaf4-0600-4671-8890-830b9586e502, 30, 29.91 W
2026/08/05 12:00:50.700, 0, GPU-105fd74f-1b5d-b500-0cd1-225dce3fe54a, 25, 26.73 W
2026/08/05 12:00:50.701, 1, GPU-da012def-6a69-fe23-dcae-a383d2a8199c, 28, 30.58 W
2026/08/05 12:00:50.702, 2, GPU-fa35b58a-0240-0cec-7d16-4ccfb65b9c6e, 24, 26.91 W
2026/08/05 12:00:50.703, 3, GPU-6bffce52-b0a9-0870-0814-59d8dfaf9aa5, 30, 29.37 W
2026/08/05 12:00:50.704, 4, GPU-b4b42120-9aa0-28df-6931-aac93d7af52d, 25, 27.19 W
2026/08/05 12:00:50.705, 5, GPU-8f82eaf4-0600-4671-8890-830b9586e502, 30, 29.91 W
2026/08/05 12:05:50.707, 0, GPU-105fd74f-1b5d-b500-0cd1-225dce3fe54a, 25, 26.73 W
2026/08/05 12:05:50.708, 1, GPU-da012def-6a69-fe23-dcae-a383d2a8199c, 28, 30.58 W
2026/08/05 12:05:50.709, 2, GPU-fa35b58a-0240-0cec-7d16-4ccfb65b9c6e, 24, 26.91 W
2026/08/05 12:05:50.710, 3, GPU-6bffce52-b0a9-0870-0814-59d8dfaf9aa5, 30, 29.37 W
2026/08/05 12:05:50.711, 4, GPU-b4b42120-9aa0-28df-6931-aac93d7af52d, 25, 27.19 W
2026/08/05 12:05:50.712, 5, GPU-8f82eaf4-0600-4671-8890-830b9586e502, 30, 29.91 W
2026/08/05 12:10:50.713, 0, GPU-105fd74f-1b5d-b500-0cd1-225dce3fe54a, 24, 26.73 W
2026/08/05 12:10:50.715, 1, GPU-da012def-6a69-fe23-dcae-a383d2a8199c, 28, 30.58 W
2026/08/05 12:10:50.715, 2, GPU-fa35b58a-0240-0cec-7d16-4ccfb65b9c6e, 24, 26.91 W
2026/08/05 12:10:50.716, 3, GPU-6bffce52-b0a9-0870-0814-59d8dfaf9aa5, 29, 29.37 W
2026/08/05 12:10:50.717, 4, GPU-b4b42120-9aa0-28df-6931-aac93d7af52d, 25, 27.39 W
2026/08/05 12:10:50.718, 5, GPU-8f82eaf4-0600-4671-8890-830b9586e502, 30, 29.67 W
2026/08/05 12:15:50.720, 0, GPU-105fd74f-1b5d-b500-0cd1-225dce3fe54a, 25, 26.48 W
2026/08/05 12:15:50.721, 1, GPU-da012def-6a69-fe23-dcae-a383d2a8199c, 28, 30.83 W
2026/08/05 12:15:50.722, 2, GPU-fa35b58a-0240-0cec-7d16-4ccfb65b9c6e, 24, 26.67 W
2026/08/05 12:15:50.723, 3, GPU-6bffce52-b0a9-0870-0814-59d8dfaf9aa5, 29, 29.37 W
2026/08/05 12:15:50.724, 4, GPU-b4b42120-9aa0-28df-6931-aac93d7af52d, 25, 27.42 W
2026/08/05 12:15:50.725, 5, GPU-8f82eaf4-0600-4671-8890-830b9586e502, 30, 29.91 W
2026/08/05 12:20:50.727, 0, GPU-105fd74f-1b5d-b500-0cd1-225dce3fe54a, 24, 26.48 W
2026/08/05 12:20:50.728, 1, GPU-da012def-6a69-fe23-dcae-a383d2a8199c, 28, 30.58 W
2026/08/05 12:20:50.729, 2, GPU-fa35b58a-0240-0cec-7d16-4ccfb65b9c6e, 24, 26.67 W
2026/08/05 12:20:50.730, 3, GPU-6bffce52-b0a9-0870-0814-59d8dfaf9aa5, 29, 29.37 W
2026/08/05 12:20:50.731, 4, GPU-b4b42120-9aa0-28df-6931-aac93d7af52d, 25, 27.42 W
2026/08/05 12:20:50.732, 5, GPU-8f82eaf4-0600-4671-8890-830b9586e502, 30, 29.91 W
2026/08/05 12:25:50.733, 0, GPU-105fd74f-1b5d-b500-0cd1-225dce3fe54a, 24, 26.73 W
2026/08/05 12:25:50.734, 1, GPU-da012def-6a69-fe23-dcae-a383d2a8199c, 28, 30.58 W
2026/08/05 12:25:50.735, 2, GPU-fa35b58a-0240-0cec-7d16-4ccfb65b9c6e, 24, 26.91 W
2026/08/05 12:25:50.735, 3, GPU-6bffce52-b0a9-0870-0814-59d8dfaf9aa5, 29, 29.37 W
2026/08/05 12:25:50.736, 4, GPU-b4b42120-9aa0-28df-6931-aac93d7af52d, 25, 27.19 W
2026/08/05 12:25:50.737, 5, GPU-8f82eaf4-0600-4671-8890-830b9586e502, 29, 29.91 W
2026/08/05 12:30:50.739, 0, GPU-105fd74f-1b5d-b500-0cd1-225dce3fe54a, 24, 26.73 W
2026/08/05 12:30:50.740, 1, GPU-da012def-6a69-fe23-dcae-a383d2a8199c, 28, 30.58 W
2026/08/05 12:30:50.741, 2, GPU-fa35b58a-0240-0cec-7d16-4ccfb65b9c6e, 24, 26.91 W
2026/08/05 12:30:50.742, 3, GPU-6bffce52-b0a9-0870-0814-59d8dfaf9aa5, 29, 29.37 W
2026/08/05 12:30:50.742, 4, GPU-b4b42120-9aa0-28df-6931-aac93d7af52d, 24, 27.19 W
2026/08/05 12:30:50.743, 5, GPU-8f82eaf4-0600-4671-8890-830b9586e502, 30, 29.91 W
2026/08/05 12:35:50.745, 0, GPU-105fd74f-1b5d-b500-0cd1-225dce3fe54a, 24, 26.48 W
2026/08/05 12:35:50.746, 1, GPU-da012def-6a69-fe23-dcae-a383d2a8199c, 28, 30.58 W
2026/08/05 12:35:50.747, 2, GPU-fa35b58a-0240-0cec-7d16-4ccfb65b9c6e, 24, 26.91 W
2026/08/05 12:35:50.748, 3, GPU-6bffce52-b0a9-0870-0814-59d8dfaf9aa5, 29, 29.07 W
2026/08/05 12:35:50.749, 4, GPU-b4b42120-9aa0-28df-6931-aac93d7af52d, 25, 27.39 W
2026/08/05 12:35:50.750, 5, GPU-8f82eaf4-0600-4671-8890-830b9586e502, 30, 29.67 W
2026/08/05 12:40:50.752, 0, GPU-105fd74f-1b5d-b500-0cd1-225dce3fe54a, 24, 26.48 W
2026/08/05 12:40:50.753, 1, GPU-da012def-6a69-fe23-dcae-a383d2a8199c, 28, 30.58 W
2026/08/05 12:40:50.754, 2, GPU-fa35b58a-0240-0cec-7d16-4ccfb65b9c6e, 23, 26.67 W
2026/08/05 12:40:50.755, 3, GPU-6bffce52-b0a9-0870-0814-59d8dfaf9aa5, 29, 29.07 W
2026/08/05 12:40:50.755, 4, GPU-b4b42120-9aa0-28df-6931-aac93d7af52d, 24, 27.42 W
2026/08/05 12:40:50.756, 5, GPU-8f82eaf4-0600-4671-8890-830b9586e502, 29, 29.91 W
2026/08/05 12:45:50.758, 0, GPU-105fd74f-1b5d-b500-0cd1-225dce3fe54a, 24, 26.48 W
2026/08/05 12:45:50.759, 1, GPU-da012def-6a69-fe23-dcae-a383d2a8199c, 28, 30.58 W
2026/08/05 12:45:50.760, 2, GPU-fa35b58a-0240-0cec-7d16-4ccfb65b9c6e, 23, 26.67 W
2026/08/05 12:45:50.761, 3, GPU-6bffce52-b0a9-0870-0814-59d8dfaf9aa5, 29, 29.07 W
2026/08/05 12:45:50.762, 4, GPU-b4b42120-9aa0-28df-6931-aac93d7af52d, 24, 27.42 W
2026/08/05 12:45:50.763, 5, GPU-8f82eaf4-0600-4671-8890-830b9586e502, 29, 29.91 W
2026/08/05 12:50:50.765, 0, GPU-105fd74f-1b5d-b500-0cd1-225dce3fe54a, 24, 26.73 W
2026/08/05 12:50:50.766, 1, GPU-da012def-6a69-fe23-dcae-a383d2a8199c, 28, 30.58 W
2026/08/05 12:50:50.767, 2, GPU-fa35b58a-0240-0cec-7d16-4ccfb65b9c6e, 23, 26.91 W
2026/08/05 12:50:50.768, 3, GPU-6bffce52-b0a9-0870-0814-59d8dfaf9aa5, 29, 29.07 W
2026/08/05 12:50:50.769, 4, GPU-b4b42120-9aa0-28df-6931-aac93d7af52d, 24, 27.19 W
2026/08/05 12:50:50.770, 5, GPU-8f82eaf4-0600-4671-8890-830b9586e502, 29, 29.91 W
2026/08/05 12:55:50.771, 0, GPU-105fd74f-1b5d-b500-0cd1-225dce3fe54a, 24, 26.73 W
2026/08/05 12:55:50.772, 1, GPU-da012def-6a69-fe23-dcae-a383d2a8199c, 28, 30.83 W
2026/08/05 12:55:50.773, 2, GPU-fa35b58a-0240-0cec-7d16-4ccfb65b9c6e, 23, 26.91 W
2026/08/05 12:55:50.774, 3, GPU-6bffce52-b0a9-0870-0814-59d8dfaf9aa5, 29, 29.07 W
2026/08/05 12:55:50.775, 4, GPU-b4b42120-9aa0-28df-6931-aac93d7af52d, 24, 27.19 W
2026/08/05 12:55:50.776, 5, GPU-8f82eaf4-0600-4671-8890-830b9586e502, 29, 29.91 W
2026/08/05 13:00:50.777, 0, GPU-105fd74f-1b5d-b500-0cd1-225dce3fe54a, 24, 26.48 W
2026/08/05 13:00:50.778, 1, GPU-da012def-6a69-fe23-dcae-a383d2a8199c, 28, 30.83 W
2026/08/05 13:00:50.780, 2, GPU-fa35b58a-0240-0cec-7d16-4ccfb65b9c6e, 23, 26.91 W
2026/08/05 13:00:50.780, 3, GPU-6bffce52-b0a9-0870-0814-59d8dfaf9aa5, 29, 29.07 W
2026/08/05 13:00:50.781, 4, GPU-b4b42120-9aa0-28df-6931-aac93d7af52d, 24, 27.42 W
2026/08/05 13:00:50.782, 5, GPU-8f82eaf4-0600-4671-8890-830b9586e502, 29, 29.67 W
2026/08/05 13:05:50.784, 0, GPU-105fd74f-1b5d-b500-0cd1-225dce3fe54a, 24, 26.48 W
2026/08/05 13:05:50.785, 1, GPU-da012def-6a69-fe23-dcae-a383d2a8199c, 28, 30.58 W
2026/08/05 13:05:50.786, 2, GPU-fa35b58a-0240-0cec-7d16-4ccfb65b9c6e, 23, 26.67 W
2026/08/05 13:05:50.786, 3, GPU-6bffce52-b0a9-0870-0814-59d8dfaf9aa5, 29, 29.07 W
2026/08/05 13:05:50.787, 4, GPU-b4b42120-9aa0-28df-6931-aac93d7af52d, 24, 27.42 W
2026/08/05 13:05:50.788, 5, GPU-8f82eaf4-0600-4671-8890-830b9586e502, 29, 29.91 W
2026/08/05 13:10:50.789, 0, GPU-105fd74f-1b5d-b500-0cd1-225dce3fe54a, 29, 147.37 W
2026/08/05 13:10:50.790, 1, GPU-da012def-6a69-fe23-dcae-a383d2a8199c, 29, 31.13 W
2026/08/05 13:10:50.791, 2, GPU-fa35b58a-0240-0cec-7d16-4ccfb65b9c6e, 23, 26.67 W
2026/08/05 13:10:50.792, 3, GPU-6bffce52-b0a9-0870-0814-59d8dfaf9aa5, 28, 29.36 W
2026/08/05 13:10:50.793, 4, GPU-b4b42120-9aa0-28df-6931-aac93d7af52d, 24, 27.42 W
2026/08/05 13:10:50.794, 5, GPU-8f82eaf4-0600-4671-8890-830b9586e502, 29, 29.91 W
2026/08/05 13:15:50.795, 0, GPU-105fd74f-1b5d-b500-0cd1-225dce3fe54a, 24, 26.47 W
2026/08/05 13:15:50.796, 1, GPU-da012def-6a69-fe23-dcae-a383d2a8199c, 28, 30.58 W
2026/08/05 13:15:50.797, 2, GPU-fa35b58a-0240-0cec-7d16-4ccfb65b9c6e, 23, 26.91 W
2026/08/05 13:15:50.798, 3, GPU-6bffce52-b0a9-0870-0814-59d8dfaf9aa5, 28, 29.61 W
2026/08/05 13:15:50.799, 4, GPU-b4b42120-9aa0-28df-6931-aac93d7af52d, 24, 27.39 W
2026/08/05 13:15:50.800, 5, GPU-8f82eaf4-0600-4671-8890-830b9586e502, 29, 29.91 W
2026/08/05 13:20:50.801, 0, GPU-105fd74f-1b5d-b500-0cd1-225dce3fe54a, 24, 26.71 W
2026/08/05 13:20:50.803, 1, GPU-da012def-6a69-fe23-dcae-a383d2a8199c, 27, 30.58 W
2026/08/05 13:20:50.803, 2, GPU-fa35b58a-0240-0cec-7d16-4ccfb65b9c6e, 23, 26.91 W
2026/08/05 13:20:50.804, 3, GPU-6bffce52-b0a9-0870-0814-59d8dfaf9aa5, 29, 29.61 W
2026/08/05 13:20:50.805, 4, GPU-b4b42120-9aa0-28df-6931-aac93d7af52d, 24, 27.19 W
2026/08/05 13:20:50.806, 5, GPU-8f82eaf4-0600-4671-8890-830b9586e502, 29, 29.67 W
2026/08/05 13:25:50.808, 0, GPU-105fd74f-1b5d-b500-0cd1-225dce3fe54a, 24, 26.71 W
2026/08/05 13:25:50.809, 1, GPU-da012def-6a69-fe23-dcae-a383d2a8199c, 28, 30.58 W
2026/08/05 13:25:50.810, 2, GPU-fa35b58a-0240-0cec-7d16-4ccfb65b9c6e, 23, 26.91 W
2026/08/05 13:25:50.811, 3, GPU-6bffce52-b0a9-0870-0814-59d8dfaf9aa5, 28, 29.37 W
2026/08/05 13:25:50.812, 4, GPU-b4b42120-9aa0-28df-6931-aac93d7af52d, 24, 27.42 W
2026/08/05 13:25:50.813, 5, GPU-8f82eaf4-0600-4671-8890-830b9586e502, 29, 29.91 W
2026/08/05 13:30:50.814, 0, GPU-105fd74f-1b5d-b500-0cd1-225dce3fe54a, 26, 26.47 W
2026/08/05 13:30:50.815, 1, GPU-da012def-6a69-fe23-dcae-a383d2a8199c, 30, 30.58 W
2026/08/05 13:30:50.816, 2, GPU-fa35b58a-0240-0cec-7d16-4ccfb65b9c6e, 23, 26.67 W
2026/08/05 13:30:50.817, 3, GPU-6bffce52-b0a9-0870-0814-59d8dfaf9aa5, 28, 29.31 W
2026/08/05 13:30:50.818, 4, GPU-b4b42120-9aa0-28df-6931-aac93d7af52d, 24, 27.42 W
2026/08/05 13:30:50.819, 5, GPU-8f82eaf4-0600-4671-8890-830b9586e502, 29, 29.91 W
2026/08/05 13:35:50.820, 0, GPU-105fd74f-1b5d-b500-0cd1-225dce3fe54a, 24, 26.47 W
2026/08/05 13:35:50.821, 1, GPU-da012def-6a69-fe23-dcae-a383d2a8199c, 28, 30.58 W
2026/08/05 13:35:50.822, 2, GPU-fa35b58a-0240-0cec-7d16-4ccfb65b9c6e, 23, 26.67 W
2026/08/05 13:35:50.823, 3, GPU-6bffce52-b0a9-0870-0814-59d8dfaf9aa5, 29, 29.31 W
2026/08/05 13:35:50.824, 4, GPU-b4b42120-9aa0-28df-6931-aac93d7af52d, 24, 27.42 W
2026/08/05 13:35:50.825, 5, GPU-8f82eaf4-0600-4671-8890-830b9586e502, 29, 29.91 W
2026/08/05 13:40:50.826, 0, GPU-105fd74f-1b5d-b500-0cd1-225dce3fe54a, 30, 149.84 W
2026/08/05 13:40:50.829, 1, GPU-da012def-6a69-fe23-dcae-a383d2a8199c, 28, 31.44 W
2026/08/05 13:40:50.831, 2, GPU-fa35b58a-0240-0cec-7d16-4ccfb65b9c6e, 23, 26.91 W
2026/08/05 13:40:50.832, 3, GPU-6bffce52-b0a9-0870-0814-59d8dfaf9aa5, 29, 29.61 W
2026/08/05 13:40:50.833, 4, GPU-b4b42120-9aa0-28df-6931-aac93d7af52d, 24, 27.19 W
2026/08/05 13:40:50.834, 5, GPU-8f82eaf4-0600-4671-8890-830b9586e502, 29, 29.91 W
2026/08/05 13:45:50.836, 0, GPU-105fd74f-1b5d-b500-0cd1-225dce3fe54a, 24, 26.47 W
2026/08/05 13:45:50.837, 1, GPU-da012def-6a69-fe23-dcae-a383d2a8199c, 30, 30.83 W
2026/08/05 13:45:50.838, 2, GPU-fa35b58a-0240-0cec-7d16-4ccfb65b9c6e, 23, 26.91 W
2026/08/05 13:45:50.839, 3, GPU-6bffce52-b0a9-0870-0814-59d8dfaf9aa5, 29, 29.07 W
2026/08/05 13:45:50.840, 4, GPU-b4b42120-9aa0-28df-6931-aac93d7af52d, 24, 27.19 W
2026/08/05 13:45:50.841, 5, GPU-8f82eaf4-0600-4671-8890-830b9586e502, 29, 29.91 W
2026/08/05 13:50:50.842, 0, GPU-105fd74f-1b5d-b500-0cd1-225dce3fe54a, 24, 26.47 W
2026/08/05 13:50:50.843, 1, GPU-da012def-6a69-fe23-dcae-a383d2a8199c, 28, 30.58 W
2026/08/05 13:50:50.844, 2, GPU-fa35b58a-0240-0cec-7d16-4ccfb65b9c6e, 23, 26.67 W
2026/08/05 13:50:50.845, 3, GPU-6bffce52-b0a9-0870-0814-59d8dfaf9aa5, 29, 29.07 W
2026/08/05 13:50:50.846, 4, GPU-b4b42120-9aa0-28df-6931-aac93d7af52d, 24, 27.15 W
2026/08/05 13:50:50.847, 5, GPU-8f82eaf4-0600-4671-8890-830b9586e502, 29, 29.91 W
2026/08/05 13:55:50.849, 0, GPU-105fd74f-1b5d-b500-0cd1-225dce3fe54a, 24, 26.47 W
2026/08/05 13:55:50.850, 1, GPU-da012def-6a69-fe23-dcae-a383d2a8199c, 28, 30.58 W
2026/08/05 13:55:50.851, 2, GPU-fa35b58a-0240-0cec-7d16-4ccfb65b9c6e, 23, 26.67 W
2026/08/05 13:55:50.852, 3, GPU-6bffce52-b0a9-0870-0814-59d8dfaf9aa5, 28, 29.07 W
2026/08/05 13:55:50.853, 4, GPU-b4b42120-9aa0-28df-6931-aac93d7af52d, 24, 27.42 W
2026/08/05 13:55:50.854, 5, GPU-8f82eaf4-0600-4671-8890-830b9586e502, 29, 29.91 W
2026/08/05 14:00:50.855, 0, GPU-105fd74f-1b5d-b500-0cd1-225dce3fe54a, 24, 26.50 W
2026/08/05 14:00:50.856, 1, GPU-da012def-6a69-fe23-dcae-a383d2a8199c, 27, 30.58 W
2026/08/05 14:00:50.857, 2, GPU-fa35b58a-0240-0cec-7d16-4ccfb65b9c6e, 23, 26.67 W
2026/08/05 14:00:50.858, 3, GPU-6bffce52-b0a9-0870-0814-59d8dfaf9aa5, 29, 29.07 W
2026/08/05 14:00:50.859, 4, GPU-b4b42120-9aa0-28df-6931-aac93d7af52d, 24, 27.19 W
2026/08/05 14:00:50.860, 5, GPU-8f82eaf4-0600-4671-8890-830b9586e502, 29, 29.91 W
2026/08/05 14:05:50.861, 0, GPU-105fd74f-1b5d-b500-0cd1-225dce3fe54a, 24, 26.71 W
2026/08/05 14:05:50.862, 1, GPU-da012def-6a69-fe23-dcae-a383d2a8199c, 27, 30.58 W
2026/08/05 14:05:50.863, 2, GPU-fa35b58a-0240-0cec-7d16-4ccfb65b9c6e, 23, 26.91 W
2026/08/05 14:05:50.864, 3, GPU-6bffce52-b0a9-0870-0814-59d8dfaf9aa5, 28, 29.07 W
2026/08/05 14:05:50.864, 4, GPU-b4b42120-9aa0-28df-6931-aac93d7af52d, 24, 27.19 W
2026/08/05 14:05:50.865, 5, GPU-8f82eaf4-0600-4671-8890-830b9586e502, 29, 29.91 W
2026/08/05 14:10:50.867, 0, GPU-105fd74f-1b5d-b500-0cd1-225dce3fe54a, 24, 26.47 W
2026/08/05 14:10:50.868, 1, GPU-da012def-6a69-fe23-dcae-a383d2a8199c, 27, 30.58 W
2026/08/05 14:10:50.870, 2, GPU-fa35b58a-0240-0cec-7d16-4ccfb65b9c6e, 24, 26.91 W
2026/08/05 14:10:50.871, 3, GPU-6bffce52-b0a9-0870-0814-59d8dfaf9aa5, 29, 29.07 W
2026/08/05 14:10:50.872, 4, GPU-b4b42120-9aa0-28df-6931-aac93d7af52d, 24, 27.19 W
2026/08/05 14:10:50.873, 5, GPU-8f82eaf4-0600-4671-8890-830b9586e502, 29, 29.91 W
2026/08/05 14:15:50.875, 0, GPU-105fd74f-1b5d-b500-0cd1-225dce3fe54a, 24, 26.47 W
2026/08/05 14:15:50.876, 1, GPU-da012def-6a69-fe23-dcae-a383d2a8199c, 28, 30.58 W
2026/08/05 14:15:50.877, 2, GPU-fa35b58a-0240-0cec-7d16-4ccfb65b9c6e, 23, 26.67 W
2026/08/05 14:15:50.878, 3, GPU-6bffce52-b0a9-0870-0814-59d8dfaf9aa5, 28, 29.37 W
2026/08/05 14:15:50.879, 4, GPU-b4b42120-9aa0-28df-6931-aac93d7af52d, 24, 27.42 W
2026/08/05 14:15:50.880, 5, GPU-8f82eaf4-0600-4671-8890-830b9586e502, 29, 29.67 W
2026/08/05 14:20:50.881, 0, GPU-105fd74f-1b5d-b500-0cd1-225dce3fe54a, 24, 26.47 W
2026/08/05 14:20:50.883, 1, GPU-da012def-6a69-fe23-dcae-a383d2a8199c, 27, 30.58 W
2026/08/05 14:20:50.884, 2, GPU-fa35b58a-0240-0cec-7d16-4ccfb65b9c6e, 23, 26.67 W
2026/08/05 14:20:50.885, 3, GPU-6bffce52-b0a9-0870-0814-59d8dfaf9aa5, 28, 29.07 W
2026/08/05 14:20:50.886, 4, GPU-b4b42120-9aa0-28df-6931-aac93d7af52d, 24, 27.42 W
2026/08/05 14:20:50.887, 5, GPU-8f82eaf4-0600-4671-8890-830b9586e502, 29, 29.91 W
2026/08/05 14:25:50.888, 0, GPU-105fd74f-1b5d-b500-0cd1-225dce3fe54a, 24, 26.71 W
2026/08/05 14:25:50.889, 1, GPU-da012def-6a69-fe23-dcae-a383d2a8199c, 27, 30.58 W
2026/08/05 14:25:50.890, 2, GPU-fa35b58a-0240-0cec-7d16-4ccfb65b9c6e, 23, 26.67 W
2026/08/05 14:25:50.891, 3, GPU-6bffce52-b0a9-0870-0814-59d8dfaf9aa5, 29, 29.07 W
2026/08/05 14:25:50.892, 4, GPU-b4b42120-9aa0-28df-6931-aac93d7af52d, 24, 27.46 W
2026/08/05 14:25:50.892, 5, GPU-8f82eaf4-0600-4671-8890-830b9586e502, 29, 29.91 W
2026/08/05 14:30:50.894, 0, GPU-105fd74f-1b5d-b500-0cd1-225dce3fe54a, 24, 26.71 W
2026/08/05 14:30:50.895, 1, GPU-da012def-6a69-fe23-dcae-a383d2a8199c, 27, 30.58 W
2026/08/05 14:30:50.896, 2, GPU-fa35b58a-0240-0cec-7d16-4ccfb65b9c6e, 23, 26.91 W
2026/08/05 14:30:50.897, 3, GPU-6bffce52-b0a9-0870-0814-59d8dfaf9aa5, 28, 29.37 W
2026/08/05 14:30:50.898, 4, GPU-b4b42120-9aa0-28df-6931-aac93d7af52d, 24, 27.46 W
2026/08/05 14:30:50.899, 5, GPU-8f82eaf4-0600-4671-8890-830b9586e502, 29, 29.91 W
2026/08/05 14:35:50.901, 0, GPU-105fd74f-1b5d-b500-0cd1-225dce3fe54a, 24, 26.47 W
2026/08/05 14:35:50.902, 1, GPU-da012def-6a69-fe23-dcae-a383d2a8199c, 27, 30.58 W
2026/08/05 14:35:50.903, 2, GPU-fa35b58a-0240-0cec-7d16-4ccfb65b9c6e, 23, 26.91 W
2026/08/05 14:35:50.904, 3, GPU-6bffce52-b0a9-0870-0814-59d8dfaf9aa5, 28, 29.07 W
2026/08/05 14:35:50.905, 4, GPU-b4b42120-9aa0-28df-6931-aac93d7af52d, 24, 27.46 W
2026/08/05 14:35:50.906, 5, GPU-8f82eaf4-0600-4671-8890-830b9586e502, 29, 29.91 W
2026/08/05 14:40:50.907, 0, GPU-105fd74f-1b5d-b500-0cd1-225dce3fe54a, 24, 26.47 W
2026/08/05 14:40:50.908, 1, GPU-da012def-6a69-fe23-dcae-a383d2a8199c, 27, 30.83 W
2026/08/05 14:40:50.909, 2, GPU-fa35b58a-0240-0cec-7d16-4ccfb65b9c6e, 23, 26.67 W
2026/08/05 14:40:50.910, 3, GPU-6bffce52-b0a9-0870-0814-59d8dfaf9aa5, 28, 29.07 W
2026/08/05 14:40:50.911, 4, GPU-b4b42120-9aa0-28df-6931-aac93d7af52d, 24, 27.42 W
2026/08/05 14:40:50.912, 5, GPU-8f82eaf4-0600-4671-8890-830b9586e502, 29, 29.91 W
2026/08/05 14:45:50.913, 0, GPU-105fd74f-1b5d-b500-0cd1-225dce3fe54a, 24, 26.71 W
2026/08/05 14:45:50.914, 1, GPU-da012def-6a69-fe23-dcae-a383d2a8199c, 27, 30.58 W
2026/08/05 14:45:50.915, 2, GPU-fa35b58a-0240-0cec-7d16-4ccfb65b9c6e, 23, 26.67 W
2026/08/05 14:45:50.916, 3, GPU-6bffce52-b0a9-0870-0814-59d8dfaf9aa5, 28, 29.07 W
2026/08/05 14:45:50.917, 4, GPU-b4b42120-9aa0-28df-6931-aac93d7af52d, 24, 27.42 W
2026/08/05 14:45:50.918, 5, GPU-8f82eaf4-0600-4671-8890-830b9586e502, 29, 29.91 W
2026/08/05 14:50:50.919, 0, GPU-105fd74f-1b5d-b500-0cd1-225dce3fe54a, 24, 26.50 W
2026/08/05 14:50:50.920, 1, GPU-da012def-6a69-fe23-dcae-a383d2a8199c, 27, 30.58 W
2026/08/05 14:50:50.921, 2, GPU-fa35b58a-0240-0cec-7d16-4ccfb65b9c6e, 23, 26.67 W
2026/08/05 14:50:50.922, 3, GPU-6bffce52-b0a9-0870-0814-59d8dfaf9aa5, 28, 29.07 W
2026/08/05 14:50:50.923, 4, GPU-b4b42120-9aa0-28df-6931-aac93d7af52d, 24, 27.46 W
2026/08/05 14:50:50.924, 5, GPU-8f82eaf4-0600-4671-8890-830b9586e502, 29, 29.91 W
2026/08/05 14:55:50.925, 0, GPU-105fd74f-1b5d-b500-0cd1-225dce3fe54a, 24, 26.71 W
2026/08/05 14:55:50.926, 1, GPU-da012def-6a69-fe23-dcae-a383d2a8199c, 28, 30.58 W
2026/08/05 14:55:50.927, 2, GPU-fa35b58a-0240-0cec-7d16-4ccfb65b9c6e, 24, 26.91 W
2026/08/05 14:55:50.928, 3, GPU-6bffce52-b0a9-0870-0814-59d8dfaf9aa5, 30, 29.37 W
2026/08/05 14:55:50.929, 4, GPU-b4b42120-9aa0-28df-6931-aac93d7af52d, 24, 27.46 W
2026/08/05 14:55:50.930, 5, GPU-8f82eaf4-0600-4671-8890-830b9586e502, 29, 29.91 W
2026/08/05 15:00:50.932, 0, GPU-105fd74f-1b5d-b500-0cd1-225dce3fe54a, 24, 26.47 W
2026/08/05 15:00:50.933, 1, GPU-da012def-6a69-fe23-dcae-a383d2a8199c, 28, 30.58 W
2026/08/05 15:00:50.934, 2, GPU-fa35b58a-0240-0cec-7d16-4ccfb65b9c6e, 24, 26.91 W
2026/08/05 15:00:50.935, 3, GPU-6bffce52-b0a9-0870-0814-59d8dfaf9aa5, 29, 29.61 W
2026/08/05 15:00:50.936, 4, GPU-b4b42120-9aa0-28df-6931-aac93d7af52d, 24, 27.42 W
2026/08/05 15:00:50.937, 5, GPU-8f82eaf4-0600-4671-8890-830b9586e502, 29, 29.91 W
2026/08/05 15:05:50.939, 0, GPU-105fd74f-1b5d-b500-0cd1-225dce3fe54a, 24, 26.47 W
2026/08/05 15:05:50.940, 1, GPU-da012def-6a69-fe23-dcae-a383d2a8199c, 28, 30.58 W
2026/08/05 15:05:50.941, 2, GPU-fa35b58a-0240-0cec-7d16-4ccfb65b9c6e, 24, 26.67 W
2026/08/05 15:05:50.942, 3, GPU-6bffce52-b0a9-0870-0814-59d8dfaf9aa5, 30, 29.61 W
2026/08/05 15:05:50.942, 4, GPU-b4b42120-9aa0-28df-6931-aac93d7af52d, 24, 27.42 W
2026/08/05 15:05:50.943, 5, GPU-8f82eaf4-0600-4671-8890-830b9586e502, 29, 29.67 W
2026/08/05 15:10:50.945, 0, GPU-105fd74f-1b5d-b500-0cd1-225dce3fe54a, 24, 26.71 W
2026/08/05 15:10:50.946, 1, GPU-da012def-6a69-fe23-dcae-a383d2a8199c, 28, 30.58 W
2026/08/05 15:10:50.947, 2, GPU-fa35b58a-0240-0cec-7d16-4ccfb65b9c6e, 24, 26.67 W
2026/08/05 15:10:50.948, 3, GPU-6bffce52-b0a9-0870-0814-59d8dfaf9aa5, 29, 29.07 W
2026/08/05 15:10:50.949, 4, GPU-b4b42120-9aa0-28df-6931-aac93d7af52d, 24, 27.42 W
2026/08/05 15:10:50.950, 5, GPU-8f82eaf4-0600-4671-8890-830b9586e502, 29, 29.91 W
2026/08/05 15:15:50.951, 0, GPU-105fd74f-1b5d-b500-0cd1-225dce3fe54a, 24, 26.71 W
2026/08/05 15:15:50.952, 1, GPU-da012def-6a69-fe23-dcae-a383d2a8199c, 27, 30.58 W
2026/08/05 15:15:50.953, 2, GPU-fa35b58a-0240-0cec-7d16-4ccfb65b9c6e, 24, 26.67 W
2026/08/05 15:15:50.954, 3, GPU-6bffce52-b0a9-0870-0814-59d8dfaf9aa5, 29, 29.61 W
2026/08/05 15:15:50.955, 4, GPU-b4b42120-9aa0-28df-6931-aac93d7af52d, 24, 27.46 W
2026/08/05 15:15:50.956, 5, GPU-8f82eaf4-0600-4671-8890-830b9586e502, 29, 29.91 W
2026/08/05 15:20:50.958, 0, GPU-105fd74f-1b5d-b500-0cd1-225dce3fe54a, 24, 26.71 W
2026/08/05 15:20:50.959, 1, GPU-da012def-6a69-fe23-dcae-a383d2a8199c, 28, 30.58 W
2026/08/05 15:20:50.960, 2, GPU-fa35b58a-0240-0cec-7d16-4ccfb65b9c6e, 24, 26.91 W
2026/08/05 15:20:50.961, 3, GPU-6bffce52-b0a9-0870-0814-59d8dfaf9aa5, 29, 29.37 W
2026/08/05 15:20:50.961, 4, GPU-b4b42120-9aa0-28df-6931-aac93d7af52d, 24, 27.46 W
2026/08/05 15:20:50.962, 5, GPU-8f82eaf4-0600-4671-8890-830b9586e502, 29, 29.91 W
2026/08/05 15:25:50.963, 0, GPU-105fd74f-1b5d-b500-0cd1-225dce3fe54a, 24, 26.47 W
2026/08/05 15:25:50.965, 1, GPU-da012def-6a69-fe23-dcae-a383d2a8199c, 28, 30.58 W
2026/08/05 15:25:50.965, 2, GPU-fa35b58a-0240-0cec-7d16-4ccfb65b9c6e, 24, 26.91 W
2026/08/05 15:25:50.966, 3, GPU-6bffce52-b0a9-0870-0814-59d8dfaf9aa5, 29, 29.37 W
2026/08/05 15:25:50.967, 4, GPU-b4b42120-9aa0-28df-6931-aac93d7af52d, 24, 27.42 W
2026/08/05 15:25:50.968, 5, GPU-8f82eaf4-0600-4671-8890-830b9586e502, 29, 29.91 W
2026/08/05 15:30:50.969, 0, GPU-105fd74f-1b5d-b500-0cd1-225dce3fe54a, 24, 26.47 W
2026/08/05 15:30:50.970, 1, GPU-da012def-6a69-fe23-dcae-a383d2a8199c, 28, 30.58 W
2026/08/05 15:30:50.971, 2, GPU-fa35b58a-0240-0cec-7d16-4ccfb65b9c6e, 24, 26.67 W
2026/08/05 15:30:50.972, 3, GPU-6bffce52-b0a9-0870-0814-59d8dfaf9aa5, 30, 29.07 W
2026/08/05 15:30:50.973, 4, GPU-b4b42120-9aa0-28df-6931-aac93d7af52d, 24, 27.42 W
2026/08/05 15:30:50.974, 5, GPU-8f82eaf4-0600-4671-8890-830b9586e502, 29, 29.91 W
2026/08/05 15:35:50.976, 0, GPU-105fd74f-1b5d-b500-0cd1-225dce3fe54a, 24, 26.71 W
2026/08/05 15:35:50.977, 1, GPU-da012def-6a69-fe23-dcae-a383d2a8199c, 28, 30.58 W
2026/08/05 15:35:50.978, 2, GPU-fa35b58a-0240-0cec-7d16-4ccfb65b9c6e, 24, 26.67 W
2026/08/05 15:35:50.979, 3, GPU-6bffce52-b0a9-0870-0814-59d8dfaf9aa5, 29, 29.37 W
2026/08/05 15:35:50.980, 4, GPU-b4b42120-9aa0-28df-6931-aac93d7af52d, 24, 27.42 W
2026/08/05 15:35:50.981, 5, GPU-8f82eaf4-0600-4671-8890-830b9586e502, 29, 29.91 W
2026/08/05 15:40:50.983, 0, GPU-105fd74f-1b5d-b500-0cd1-225dce3fe54a, 24, 26.71 W
2026/08/05 15:40:50.984, 1, GPU-da012def-6a69-fe23-dcae-a383d2a8199c, 28, 30.58 W
2026/08/05 15:40:50.985, 2, GPU-fa35b58a-0240-0cec-7d16-4ccfb65b9c6e, 24, 26.67 W
2026/08/05 15:40:50.986, 3, GPU-6bffce52-b0a9-0870-0814-59d8dfaf9aa5, 30, 29.37 W
2026/08/05 15:40:50.987, 4, GPU-b4b42120-9aa0-28df-6931-aac93d7af52d, 24, 27.46 W
2026/08/05 15:40:50.988, 5, GPU-8f82eaf4-0600-4671-8890-830b9586e502, 29, 29.67 W
2026/08/05 15:45:50.989, 0, GPU-105fd74f-1b5d-b500-0cd1-225dce3fe54a, 25, 26.47 W
2026/08/05 15:45:50.990, 1, GPU-da012def-6a69-fe23-dcae-a383d2a8199c, 29, 30.58 W
2026/08/05 15:45:50.991, 2, GPU-fa35b58a-0240-0cec-7d16-4ccfb65b9c6e, 26, 26.91 W
2026/08/05 15:45:50.992, 3, GPU-6bffce52-b0a9-0870-0814-59d8dfaf9aa5, 31, 29.37 W
2026/08/05 15:45:50.993, 4, GPU-b4b42120-9aa0-28df-6931-aac93d7af52d, 24, 27.46 W
2026/08/05 15:45:50.994, 5, GPU-8f82eaf4-0600-4671-8890-830b9586e502, 29, 29.66 W
2026/08/05 15:50:50.995, 0, GPU-105fd74f-1b5d-b500-0cd1-225dce3fe54a, 26, 26.47 W
2026/08/05 15:50:50.996, 1, GPU-da012def-6a69-fe23-dcae-a383d2a8199c, 30, 30.58 W
2026/08/05 15:50:50.997, 2, GPU-fa35b58a-0240-0cec-7d16-4ccfb65b9c6e, 26, 26.91 W
2026/08/05 15:50:50.997, 3, GPU-6bffce52-b0a9-0870-0814-59d8dfaf9aa5, 31, 29.37 W
2026/08/05 15:50:50.998, 4, GPU-b4b42120-9aa0-28df-6931-aac93d7af52d, 24, 27.42 W
2026/08/05 15:50:50.999, 5, GPU-8f82eaf4-0600-4671-8890-830b9586e502, 29, 29.67 W
2026/08/05 15:55:51.001, 0, GPU-105fd74f-1b5d-b500-0cd1-225dce3fe54a, 26, 26.47 W
2026/08/05 15:55:51.002, 1, GPU-da012def-6a69-fe23-dcae-a383d2a8199c, 30, 30.58 W
2026/08/05 15:55:51.003, 2, GPU-fa35b58a-0240-0cec-7d16-4ccfb65b9c6e, 26, 26.94 W
2026/08/05 15:55:51.004, 3, GPU-6bffce52-b0a9-0870-0814-59d8dfaf9aa5, 31, 29.37 W
2026/08/05 15:55:51.005, 4, GPU-b4b42120-9aa0-28df-6931-aac93d7af52d, 24, 27.42 W
2026/08/05 15:55:51.006, 5, GPU-8f82eaf4-0600-4671-8890-830b9586e502, 29, 29.91 W
2026/08/05 16:00:51.008, 0, GPU-105fd74f-1b5d-b500-0cd1-225dce3fe54a, 26, 26.71 W
2026/08/05 16:00:51.009, 1, GPU-da012def-6a69-fe23-dcae-a383d2a8199c, 30, 30.58 W
2026/08/05 16:00:51.010, 2, GPU-fa35b58a-0240-0cec-7d16-4ccfb65b9c6e, 26, 26.94 W
2026/08/05 16:00:51.011, 3, GPU-6bffce52-b0a9-0870-0814-59d8dfaf9aa5, 32, 29.37 W
2026/08/05 16:00:51.012, 4, GPU-b4b42120-9aa0-28df-6931-aac93d7af52d, 24, 27.42 W
2026/08/05 16:00:51.017, 5, GPU-8f82eaf4-0600-4671-8890-830b9586e502, 29, 29.67 W
2026/08/05 16:05:51.019, 0, GPU-105fd74f-1b5d-b500-0cd1-225dce3fe54a, 27, 26.50 W
2026/08/05 16:05:51.020, 1, GPU-da012def-6a69-fe23-dcae-a383d2a8199c, 30, 30.58 W
2026/08/05 16:05:51.021, 2, GPU-fa35b58a-0240-0cec-7d16-4ccfb65b9c6e, 26, 26.91 W
2026/08/05 16:05:51.022, 3, GPU-6bffce52-b0a9-0870-0814-59d8dfaf9aa5, 32, 29.37 W
2026/08/05 16:05:51.023, 4, GPU-b4b42120-9aa0-28df-6931-aac93d7af52d, 24, 27.46 W
2026/08/05 16:05:51.024, 5, GPU-8f82eaf4-0600-4671-8890-830b9586e502, 29, 29.91 W
2026/08/05 16:10:51.025, 0, GPU-105fd74f-1b5d-b500-0cd1-225dce3fe54a, 26, 26.47 W
2026/08/05 16:10:51.026, 1, GPU-da012def-6a69-fe23-dcae-a383d2a8199c, 30, 30.58 W
2026/08/05 16:10:51.027, 2, GPU-fa35b58a-0240-0cec-7d16-4ccfb65b9c6e, 26, 26.91 W
2026/08/05 16:10:51.028, 3, GPU-6bffce52-b0a9-0870-0814-59d8dfaf9aa5, 32, 29.37 W
2026/08/05 16:10:51.029, 4, GPU-b4b42120-9aa0-28df-6931-aac93d7af52d, 24, 27.46 W
2026/08/05 16:10:51.030, 5, GPU-8f82eaf4-0600-4671-8890-830b9586e502, 29, 29.91 W
2026/08/05 16:15:51.031, 0, GPU-105fd74f-1b5d-b500-0cd1-225dce3fe54a, 27, 26.47 W
2026/08/05 16:15:51.032, 1, GPU-da012def-6a69-fe23-dcae-a383d2a8199c, 30, 30.58 W
2026/08/05 16:15:51.033, 2, GPU-fa35b58a-0240-0cec-7d16-4ccfb65b9c6e, 26, 26.91 W
2026/08/05 16:15:51.034, 3, GPU-6bffce52-b0a9-0870-0814-59d8dfaf9aa5, 32, 29.37 W
2026/08/05 16:15:51.035, 4, GPU-b4b42120-9aa0-28df-6931-aac93d7af52d, 24, 27.42 W
2026/08/05 16:15:51.036, 5, GPU-8f82eaf4-0600-4671-8890-830b9586e502, 29, 29.91 W
2026/08/05 16:20:51.037, 0, GPU-105fd74f-1b5d-b500-0cd1-225dce3fe54a, 27, 26.47 W
2026/08/05 16:20:51.038, 1, GPU-da012def-6a69-fe23-dcae-a383d2a8199c, 30, 30.58 W
2026/08/05 16:20:51.039, 2, GPU-fa35b58a-0240-0cec-7d16-4ccfb65b9c6e, 26, 26.94 W
2026/08/05 16:20:51.040, 3, GPU-6bffce52-b0a9-0870-0814-59d8dfaf9aa5, 32, 29.37 W
2026/08/05 16:20:51.041, 4, GPU-b4b42120-9aa0-28df-6931-aac93d7af52d, 24, 27.42 W
2026/08/05 16:20:51.042, 5, GPU-8f82eaf4-0600-4671-8890-830b9586e502, 29, 29.91 W
2026/08/05 16:25:51.043, 0, GPU-105fd74f-1b5d-b500-0cd1-225dce3fe54a, 27, 26.50 W
2026/08/05 16:25:51.044, 1, GPU-da012def-6a69-fe23-dcae-a383d2a8199c, 31, 30.58 W
2026/08/05 16:25:51.045, 2, GPU-fa35b58a-0240-0cec-7d16-4ccfb65b9c6e, 26, 26.94 W
2026/08/05 16:25:51.046, 3, GPU-6bffce52-b0a9-0870-0814-59d8dfaf9aa5, 32, 29.37 W
2026/08/05 16:25:51.047, 4, GPU-b4b42120-9aa0-28df-6931-aac93d7af52d, 24, 27.46 W
2026/08/05 16:25:51.048, 5, GPU-8f82eaf4-0600-4671-8890-830b9586e502, 29, 29.66 W
2026/08/05 16:30:51.050, 0, GPU-105fd74f-1b5d-b500-0cd1-225dce3fe54a, 27, 26.71 W
2026/08/05 16:30:51.051, 1, GPU-da012def-6a69-fe23-dcae-a383d2a8199c, 30, 30.58 W
2026/08/05 16:30:51.052, 2, GPU-fa35b58a-0240-0cec-7d16-4ccfb65b9c6e, 26, 26.91 W
2026/08/05 16:30:51.053, 3, GPU-6bffce52-b0a9-0870-0814-59d8dfaf9aa5, 32, 29.37 W
2026/08/05 16:30:51.054, 4, GPU-b4b42120-9aa0-28df-6931-aac93d7af52d, 24, 27.46 W
2026/08/05 16:30:51.055, 5, GPU-8f82eaf4-0600-4671-8890-830b9586e502, 29, 29.67 W
2026/08/05 16:35:51.057, 0, GPU-105fd74f-1b5d-b500-0cd1-225dce3fe54a, 27, 26.47 W
2026/08/05 16:35:51.058, 1, GPU-da012def-6a69-fe23-dcae-a383d2a8199c, 30, 30.58 W
2026/08/05 16:35:51.059, 2, GPU-fa35b58a-0240-0cec-7d16-4ccfb65b9c6e, 26, 26.91 W
2026/08/05 16:35:51.060, 3, GPU-6bffce52-b0a9-0870-0814-59d8dfaf9aa5, 32, 29.37 W
2026/08/05 16:35:51.061, 4, GPU-b4b42120-9aa0-28df-6931-aac93d7af52d, 24, 27.66 W
2026/08/05 16:35:51.062, 5, GPU-8f82eaf4-0600-4671-8890-830b9586e502, 29, 29.91 W
